{
  "tasks": [
    "diamond-like",
    "conductor",
    "heat-shield"
  ],
  "task_max_rewards": {
    "diamond-like": [
      0.7761,
      0.7293
    ],
    "conductor": [
      0.8307,
      0.8307
    ],
    "heat-shield": [
      0.8579
    ]
  },
  "task_avg_gaps": {
    "diamond-like": [
      13.1125,
      12.93
    ],
    "conductor": [
      6.955,
      7.450000000000001
    ],
    "heat-shield": [
      6.1425
    ]
  },
  "atom_usage": {
    "A": 76,
    "C": 73,
    "B": 13
  },
  "property_gaps": {
    "hardness": 12.334,
    "conductivity": 4.996,
    "thermal_resistance": 12.178,
    "elasticity": 7.764
  },
  "reward_trajectory": [
    0.5317000000000001,
    0.62434,
    0.66426,
    0.75862,
    0.7961,
    0.76142,
    0.7515499999999999,
    0.7494666666666667,
    0.7290000000000001,
    0.7357666666666667,
    0.7518666666666668,
    0.7009666666666666,
    0.632,
    0.5702666666666667,
    0.5188,
    0.4681333333333333,
    0.42216666666666663,
    0.3349,
    0.2712,
    0.26133333333333336,
    0.24406666666666665,
    0.23140000000000002,
    0.2119,
    0.19783333333333333,
    0.18200000000000002,
    0.18056666666666665,
    0.16353333333333334,
    0.14636666666666667,
    0.11499999999999999,
    0.11646666666666666,
    0.09933333333333333,
    0.08293333333333333,
    0.06760000000000001,
    0.050499999999999996,
    0.030266666666666667,
    0.013466666666666667,
    0.0,
    0.0,
    0.0,
    0.0,
    0.0,
    0.0,
    0.0,
    0.0,
    0.0,
    0.0,
    0.0,
    0.0,
    0.0,
    0.0
  ]
}